{"initial_reset_timestamp": 1583748825.9174342, "timestamps": [1583748828.691067], "episode_lengths": [22], "episode_rewards": [22.0], "episode_types": ["t"]}